{"v":"5.9.4","fr":25,"ip":0,"op":25,"w":100,"h":100,"nm":"100X100","ddd":0,"assets":[],"layers":[{"ddd":0,"ind":1,"ty":4,"nm":"形状图层 2","sr":1,"ks":{"o":{"a":0,"k":100,"ix":11},"r":{"a":0,"k":0,"ix":10},"p":{"a":0,"k":[-0.46,52,0],"ix":2,"l":2},"a":{"a":0,"k":[-335.035,-1363.594,0],"ix":1,"l":2},"s":{"a":0,"k":[70.151,224.558,100],"ix":6,"l":2}},"ao":0,"sy":[{"c":{"a":0,"k":[0,0,0,1],"ix":2},"o":{"a":0,"k":75,"ix":3},"a":{"a":0,"k":120,"ix":5},"s":{"a":0,"k":5,"ix":8},"d":{"a":0,"k":5,"ix":6},"ch":{"a":0,"k":0,"ix":7},"bm":{"a":0,"k":5,"ix":1},"no":{"a":0,"k":0,"ix":9},"lc":{"a":0,"k":1,"ix":10},"ty":1,"nm":"投影"},{"c":{"a":0,"k":[0,0,0,1],"ix":2},"o":{"a":0,"k":75,"ix":3},"a":{"a":0,"k":120,"ix":5},"s":{"a":0,"k":5,"ix":8},"d":{"a":0,"k":5,"ix":6},"ch":{"a":0,"k":0,"ix":7},"bm":{"a":0,"k":5,"ix":1},"no":{"a":0,"k":0,"ix":9},"ty":2,"nm":"内阴影"},{"c":{"a":0,"k":[1,1,0.745098039216,1],"ix":5},"o":{"a":0,"k":75,"ix":2},"s":{"a":0,"k":5,"ix":10},"r":{"a":0,"k":50,"ix":11},"ch":{"a":0,"k":0,"ix":9},"bm":{"a":0,"k":11,"ix":1},"no":{"a":0,"k":0,"ix":3},"j":{"a":0,"k":0,"ix":12},"ty":3,"nm":"外发光"},{"c":{"a":0,"k":[1,1,0.745098039216,1],"ix":5},"o":{"a":0,"k":75,"ix":2},"s":{"a":0,"k":5,"ix":11},"r":{"a":0,"k":50,"ix":12},"sr":{"a":0,"k":1,"ix":9},"ch":{"a":0,"k":0,"ix":10},"bm":{"a":0,"k":11,"ix":1},"no":{"a":0,"k":0,"ix":3},"j":{"a":0,"k":0,"ix":13},"ty":4,"nm":"内发光"},{"bs":{"a":0,"k":2,"ix":1},"bt":{"a":0,"k":1,"ix":2},"sr":{"a":0,"k":100,"ix":3},"bd":{"a":0,"k":1,"ix":4},"s":{"a":0,"k":5,"ix":5},"so":{"a":0,"k":75,"ix":15},"ga":{"a":0,"k":0,"ix":7},"a":{"a":0,"k":120,"ix":8},"ll":{"a":0,"k":30,"ix":9},"hm":{"a":0,"k":11,"ix":10},"hc":{"a":0,"k":[1,1,1,1],"ix":11},"ho":{"a":0,"k":75,"ix":12},"sm":{"a":0,"k":5,"ix":13},"sc":{"a":0,"k":[0,0,0,1],"ix":14},"ty":5,"nm":"斜面和浮雕"},{"bm":{"a":0,"k":5,"ix":1},"c":{"a":0,"k":[0,0,0,1],"ix":2},"o":{"a":0,"k":50,"ix":3},"a":{"a":0,"k":19,"ix":4},"d":{"a":0,"k":11,"ix":5},"s":{"a":0,"k":14,"ix":6},"in":{"a":0,"k":1,"ix":7},"ty":6,"nm":"光泽"},{"bm":{"a":0,"k":1,"ix":1},"c":{"a":0,"k":[1,0,0,1],"ix":2},"so":{"a":0,"k":100,"ix":3},"ty":7,"nm":"颜色叠加"},{"bm":{"a":0,"k":1,"ix":1},"o":{"a":0,"k":100,"ix":2},"gf":{"a":0,"ix":3},"gs":{"a":0,"k":100,"ix":4},"a":{"a":0,"k":90,"ix":5},"gt":{"a":0,"k":1,"ix":6},"re":{"a":0,"k":0,"ix":7},"al":{"a":0,"k":1,"ix":8},"s":{"a":0,"k":100,"ix":9},"of":{"a":0,"k":[0,0],"ix":10},"ty":8,"nm":"渐变叠加"},{"c":{"a":0,"k":[1,0,0,1],"ix":2},"s":{"a":0,"k":3,"ix":3},"ty":0,"nm":"描边"}],"shapes":[{"ty":"gr","it":[{"ty":"rc","d":1,"s":{"a":0,"k":[134,37.861],"ix":2},"p":{"a":0,"k":[0,0],"ix":3},"r":{"a":0,"k":0,"ix":4},"nm":"矩形路径 1","mn":"ADBE Vector Shape - Rect","hd":false},{"ty":"gf","o":{"a":0,"k":100,"ix":10},"r":1,"bm":0,"g":{"p":5,"k":{"a":0,"k":[0,0.227,0.224,0.38,0.269,0.253,0.247,0.416,0.539,0.278,0.271,0.451,0.769,0.253,0.247,0.416,1,0.227,0.224,0.38],"ix":9}},"s":{"a":1,"k":[{"i":{"x":0.833,"y":0.833},"o":{"x":0.167,"y":0.167},"t":0,"s":[-262,0],"to":[59.667,0],"ti":[-59.667,0]},{"t":20,"s":[96,0]}],"ix":5},"e":{"a":1,"k":[{"i":{"x":0.833,"y":0.833},"o":{"x":0.167,"y":0.167},"t":0,"s":[-87,0],"to":[54.333,0],"ti":[-54.333,0]},{"t":20,"s":[239,0]}],"ix":6},"t":1,"nm":"gradient fill","mn":"ADBE Vector Graphic - G-Fill","hd":false},{"ty":"tr","p":{"a":0,"k":[-260.113,-1363.076],"ix":2},"a":{"a":0,"k":[0,0],"ix":1},"s":{"a":0,"k":[111.825,125.272],"ix":3},"r":{"a":0,"k":0,"ix":6},"o":{"a":0,"k":100,"ix":7},"sk":{"a":0,"k":0,"ix":4},"sa":{"a":0,"k":0,"ix":5},"nm":"变换"}],"nm":"矩形 1","np":2,"cix":2,"bm":0,"ix":1,"mn":"ADBE Vector Group","hd":false}],"ip":0,"op":25,"st":0,"ct":1,"bm":0}],"markers":[]}